"","Taxonomic_ID","DirectSM_H4","DirectSM_H5","DirectSM_H6","DirectSM_H7","SM_H4","SM_H5","SM_H6","SM_H7"
"1","22",106.316140906238,0.735730801734519,1.34174042799177,4.91301832043905,72.1430489704331,0,4.12902160719904,0
"2","32",1.25077812830869,0,0,0,0,0,0.825804321439809,0
"3","68",2.50155625661737,0,0,1.63767277347968,0.64993737811201,0,0,0
"4","75",1.25077812830869,4.41438481040711,0,1.63767277347968,0.64993737811201,0.741774394278697,0,3.74659673552725
"5","99",1.25077812830869,0,0,0,0,0,0,0
"6","107",1.25077812830869,0,0,1.63767277347968,7.79924853734412,0,0,0
"7","133",1.25077812830869,0,0,0,0,0,0,0
"8","191",1.25077812830869,0,0,0,0,0,0,0
"9","286",3425.88129343749,228.076548537701,609.150154308265,232.549533834115,2982.56262815601,167.641013106986,2288.30377470971,445.845011527743
"10","338",10.0062250264695,3.6786540086726,105.326623597354,11.4637094143578,4.54956164678407,3.70887197139349,205.625276038512,18.7329836776363
"11","407",95.0591377514602,8.82876962081423,4.69609149797121,0,28.5972446369284,0,1.65160864287962,41.2125640907998
"12","434",6.25389064154343,71.3658877682484,18.1134957778889,9.8260366408781,7.14931115923211,24.478555011197,206.451080359952,59.9455477684361
"13","441",3.75233438492606,0,0,0,2.59974951244804,0,9.90965185727771,0
"14","469",2469.03602528135,132.431544312213,245.538498322494,88.4343297679029,5440.62579217563,40.0558172910496,668.075696044805,397.139253965889
"15","482",1.25077812830869,63.2728489491686,4.69609149797121,0,0.64993737811201,30.4127501654266,0.825804321439809,37.4659673552725
"16","517",1.25077812830869,0,0,0,0,0.741774394278697,0,0
"17","544",652.906182977134,0,3.35435106997943,1.63767277347968,527.749151026952,5.19242075995088,8.25804321439809,3.74659673552725
"18","547",3603.49178765732,5.15011561214163,25.4930681318437,18.0144005082765,4000.36456227942,11.8683903084592,67.7159543580643,29.972773884218
"19","551",137.585594113955,47.8225021127437,305.916817582124,80.2459659005045,200.180712458499,40.0558172910496,724.230389902712,89.9183216526541
"20","561",27.5171188227911,1.47146160346904,10.7339234239342,4.91301832043905,42.8958669553926,8.15951833706567,26.4257382860739,11.2397902065818
"21","568",1.25077812830869,2.20719240520356,0,1.63767277347968,5.84943640300809,0,4.95482592863885,0
"22","570",419.01067298341,5.88584641387615,26.8348085598355,8.18836386739842,586.243515057033,17.8025854626887,38.812803107671,14.986386942109
"23","581",21.2632281812477,42.6723865006021,7.37957235395475,8.18836386739842,25.3475577463684,9.64306712562306,33.8579771790322,0
"24","586",17.5108937963216,0,2.01261064198766,0,30.5470567712645,0,1.65160864287962,0
"25","590",16.2601156680129,31.6364244745843,5.36696171196709,9.8260366408781,25.9974951244804,2.22532318283609,29.7289555718331,0
"26","613",34951.7440174579,185.404162037099,334.093366569952,440.533976066035,40483.949345219,13173.9132423897,749.004519545907,460.831398469852
"27","629",3.75233438492606,0.735730801734519,4.69609149797121,1.63767277347968,20.7979960995843,13.3519390970165,5.78063025007866,0
"28","635",2.50155625661737,0,0,0,2.59974951244804,0,0,0
"29","637",337.710094643345,34.5793476815224,305.916817582124,29.4781099226343,1171.18715535784,63.792597907968,248.567100753382,18.7329836776363
"30","642",1.25077812830869,7.35730801734519,7.37957235395475,1.63767277347968,9.09912329356814,2.22532318283609,14.0386734644767,3.74659673552725
"31","662",87.554468981608,0.735730801734519,3.35435106997943,0,98.7904814730255,0,2.47741296431943,0
"32","724",1.25077812830869,24.2791164572391,4.02522128397532,1.63767277347968,0,5.93419515422958,1.65160864287962,11.2397902065818
"33","773",21.2632281812477,51.5011561214163,35.556121341782,121.187785237497,35.7465557961605,1448.6853920263,61.9353241079857,179.836643305308
"34","780",1.25077812830869,0,0,0,4.54956164678407,1.48354878855739,2.47741296431943,0
"35","848",1.25077812830869,12.5074236294868,1.34174042799177,0,3.24968689056005,2.22532318283609,0.825804321439809,7.49319347105451
"36","906",1.25077812830869,0,0,0,1.94981213433603,0,0.825804321439809,0
"37","953",280.174300741146,0,0.670870213995887,0,804.622474102668,20.7696830398035,0,0
"38","963",3.75233438492606,3.6786540086726,30.8600298438108,8.18836386739842,0.64993737811201,0,66.0643457151847,56.1989510329088
"39","1060",1.25077812830869,0,0,0,0,0,0,0
"40","1158",1.25077812830869,0,0,0,0,0,0,0
"41","1243",1651.02712936747,11.0359620260178,65.074410757601,55.6808742983092,1583.24745308086,8.15951833706567,93.3158883226984,78.6785314460723
"42","1253",2.50155625661737,0,0,1.63767277347968,3.89962426867206,0,7.43223889295828,0
"43","1279",37.5233438492606,438.495557833773,155.641889647046,216.172806099318,18.8481839652483,120.909226267428,36.3353901433516,2307.90358908479
"44","1298",1.25077812830869,8.09303881907971,0,0,0,0,0,0
"45","1301",1.25077812830869,369.336862470729,38.2396021977655,16.3767277347968,3.24968689056005,160.223269164199,3.30321728575924,1101.49944024501
"46","1350",70.0435751852864,5.15011561214163,5.36696171196709,3.27534554695937,33.1468062837125,14.0937134912952,9.90965185727771,11.2397902065818
"47","1357",28.7678969510998,90.4948886133459,8.05044256795064,8.18836386739842,27.2973698807044,63.792597907968,20.6451080359952,2019.41564044919
"48","1372",2.50155625661737,0,0,1.63767277347968,0,0,0,0
"49","1375",1.25077812830869,3.6786540086726,0,1.63767277347968,0.64993737811201,2.22532318283609,0,0
"50","1386",5.00311251323475,48.5582329144783,193.210621630815,4.91301832043905,1.94981213433603,5.93419515422958,1943.94337266931,0
"51","1578",33105.5955000743,27391.2577485761,32616.368064052,42104.5670061627,106958.894441137,47788.8153514051,72477.5420754863,5721.05321515012
"52","1663",2.50155625661737,0,0.670870213995887,0,1.94981213433603,0,0,0
"53","1678",16.2601156680129,22.0719240520356,12.7465340659218,54.0432015248295,1.94981213433603,35.6051709253775,14.0386734644767,22.4795804131635
"54","1696",3.75233438492606,5.15011561214163,0,1.63767277347968,1.29987475622402,0,0.825804321439809,0
"55","1716",1.25077812830869,105.945235449771,14.7591447079095,8.18836386739842,3.24968689056005,23.7367806169183,2.47741296431943,74.9319347105451
"56","1763",1.25077812830869,0,0.670870213995887,0,1.29987475622402,0.741774394278697,0,0
"57","1839",1.25077812830869,0,0,0,0.64993737811201,0.741774394278697,0,0
"58","1865",3.75233438492606,0,0,0,0.64993737811201,0,0,0
"59","1883",7.50466876985212,2.20719240520356,3.35435106997943,26.2027643756749,3.89962426867206,4.45064636567218,6.60643457151847,33.7193706197453
"60","1988",1.25077812830869,0,0.670870213995887,0,0,0,0,0
"61","2034",20.012450052939,0,14.7591447079095,3.27534554695937,8.44918591545613,3.70887197139349,19.8193037145554,3.74659673552725
"62","2132",247.65406940512,81.6661189925316,807.056867437052,478.200449856067,1139.34022383035,523.69272236076,478.966506435089,71.1853379750178
"63","2184",1.25077812830869,0,0,0,0,0,0,0
"64","2706",50.0311251323474,135.374467519152,91.2383491034406,49.1301832043905,35.0966184180485,57.1166283594597,85.8836494297401,26.2261771486908
"65","2737",2.50155625661737,0,0,0,0,0.741774394278697,0,0
"66","2745",3.75233438492606,1.47146160346904,0,1.63767277347968,3.89962426867206,0,0,0
"67","2768",1.25077812830869,0,0,0,0,0,0,0
"68","2849",1.25077812830869,0,0,0,0,0.741774394278697,0,0
"69","3066",1.25077812830869,0,0.670870213995887,0,0,0,0.825804321439809,0
"70","3310",2.50155625661737,0,0,0,0,0,0,0
"71","3328",31.2694532077172,0,0.670870213995887,1.63767277347968,7.14931115923211,0,0,3.74659673552725
"72","3337",75378.143902523,168.482353597205,115.389676807292,94.9850208618216,10340.5036857621,384.239136236365,40.4644117505506,142.370675950036
"73","3387",21.2632281812477,0,0,1.63767277347968,14.9485596965762,0,9.0838475358379,0
"74","3413",3.75233438492606,0.735730801734519,22.8095872758601,1.63767277347968,3.89962426867206,2.22532318283609,45.4192376791895,0
"75","3468",21.2632281812477,1374.34513764008,483.026554077038,6668.60353360927,3.89962426867206,7407.35910126707,208.928493324272,1071.52666636079
"76","3497",36.2725657209519,20.6004624485665,50.9861362636874,36.028801016553,28.5972446369284,38.5722685024922,14.8644777859166,0
"77","3504",2.50155625661737,7.35730801734519,11.4047936379301,4.91301832043905,1.94981213433603,11.1266159141805,10.7354561787175,0
"78","3511",8.7554468981608,93.4378118202839,185.160179062865,60.5938926187483,2.59974951244804,55.6330795709023,160.206038359323,11.2397902065818
"79","3543",1.25077812830869,0,2.68348085598355,4.91301832043905,1.94981213433603,0,0.825804321439809,0
"80","3573",5.00311251323475,0.735730801734519,0,0,1.94981213433603,2.96709757711479,0,0
"81","3603",127.579369087486,12.5074236294868,244.867628108499,568.27245239745,72.1430489704331,12.6101647027379,530.166374364357,56.1989510329088
"82","3633",3.75233438492606,2.94292320693808,6.70870213995887,13.1013821878375,5.19949902489608,19.2861342512461,11.5612605001573,29.972773884218
"83","3648",2.50155625661737,0,0,0,0,0.741774394278697,0.825804321439809,0
"84","3651",1.25077812830869,0,0,0,1.29987475622402,0,0,0
"85","3653",37.5233438492606,2.94292320693808,2.01261064198766,6.55069109391873,27.9473072588164,0.741774394278697,4.12902160719904,0
"86","3655",8.7554468981608,3.6786540086726,0.670870213995887,3.27534554695937,5.19949902489608,1.48354878855739,0,3.74659673552725
"87","3660",1.25077812830869,0,0.670870213995887,0,1.29987475622402,0,0,0
"88","3678",36.2725657209519,3.6786540086726,3.35435106997943,32.7534554695937,13.6486849403522,0.741774394278697,1.65160864287962,0
"89","3681",1.25077812830869,0,0,0,1.29987475622402,0,0,0
"90","3689",3.75233438492606,3.6786540086726,4.02522128397532,4.91301832043905,3.89962426867206,3.70887197139349,3.30321728575924,3.74659673552725
"91","3701",2.50155625661737,0.735730801734519,1.34174042799177,1.63767277347968,0,0,0,3.74659673552725
"92","3705",2.50155625661737,60.3299257422306,7.37957235395475,13.1013821878375,6.4993737811201,25.9621037997544,4.95482592863885,3.74659673552725
"93","3725",5.00311251323475,204.533162882196,46.2900447657162,36.028801016553,1.29987475622402,34.8633965310988,18.1676950716758,3.74659673552725
"94","3749",22.5140063095564,22.8076548537701,6.70870213995887,16.3767277347968,24.6976203682564,32.6380733482627,3.30321728575924,3.74659673552725
"95","3754",43.777234490804,11.7716928277523,8.72131278194652,55.6808742983092,40.2961174429446,16.3190366741313,2.47741296431943,0
"96","3764",18.7616719246303,19.1290008450975,27.5056787738313,55.6808742983092,21.4479334776963,2.22532318283609,21.470912357435,14.986386942109
"97","3766",6.25389064154343,5.15011561214163,2.68348085598355,6.55069109391873,1.94981213433603,8.90129273134437,0.825804321439809,3.74659673552725
"98","3794",5.00311251323475,0,0.670870213995887,0,8.44918591545613,2.96709757711479,0,0
"99","3808",25.0155625661737,1.47146160346904,2.68348085598355,1.63767277347968,23.3977456120324,0,1.65160864287962,0
"100","3817",1.25077812830869,0.735730801734519,2.01261064198766,3.27534554695937,0.64993737811201,5.19242075995088,3.30321728575924,0
"101","3826",3.75233438492606,0.735730801734519,2.01261064198766,1.63767277347968,1.94981213433603,4.45064636567218,4.12902160719904,0
"102","3846",7.50466876985212,0,3.35435106997943,0,5.84943640300809,0.741774394278697,2.47741296431943,0
"103","3865",7.50466876985212,0,0,1.63767277347968,7.14931115923211,0,1.65160864287962,0
"104","3867",2.50155625661737,7.35730801734519,14.0882744939136,14.7390549613171,1.94981213433603,8.90129273134437,7.43223889295828,7.49319347105451
"105","3869",16.2601156680129,2.20719240520356,1.34174042799177,3.27534554695937,7.79924853734412,4.45064636567218,0.825804321439809,7.49319347105451
"106","3877",1.25077812830869,28.6935012676462,87.8839980334611,21.2897460552359,0.64993737811201,81.5951833706567,61.9353241079857,11.2397902065818
"107","3883",3.75233438492606,0,0,0,1.94981213433603,0,0,0
"108","3896",22.5140063095564,0,2.68348085598355,0,11.0489354279042,0,2.47741296431943,0
"109","3898",12.5077812830869,92.7020810185494,390.446464545606,65.5069109391873,5.19949902489608,7.41774394278697,427.766638505821,22.4795804131635
"110","3913",3.75233438492606,1.47146160346904,2.68348085598355,1.63767277347968,5.19949902489608,8.15951833706567,1.65160864287962,7.49319347105451
"111","3932",30.0186750794085,33.1078860780534,5419.96045887277,779.532240176329,17.5483092090243,281.132495431626,11262.3193357961,280.994755164544
"112","3939",1.25077812830869,0,0.670870213995887,0,0,0,0,0
"113","3971",7.50466876985212,4.41438481040711,3.35435106997943,9.8260366408781,8.44918591545613,2.22532318283609,5.78063025007866,0
"114","3980",8.7554468981608,0.735730801734519,3.35435106997943,0,13.6486849403522,5.19242075995088,4.95482592863885,0
"115","3982",20.012450052939,0,2.68348085598355,0,12.3488101841282,1.48354878855739,3.30321728575924,0
"116","3987",2.50155625661737,0.735730801734519,2.68348085598355,1.63767277347968,1.29987475622402,2.22532318283609,2.47741296431943,0
"117","4028",3.75233438492606,0,0,3.27534554695937,3.89962426867206,1.48354878855739,0,0
"118","4051",3.75233438492606,0,0,0,1.94981213433603,0,0,0
"119","4053",2.50155625661737,0,2.68348085598355,0,2.59974951244804,0.741774394278697,0.825804321439809,0
"120","4085",5.00311251323475,0,2.01261064198766,0,3.24968689056005,0.741774394278697,1.65160864287962,11.2397902065818
"121","4107",3.75233438492606,7.35730801734519,4.02522128397532,9.8260366408781,11.0489354279042,16.3190366741313,9.0838475358379,7.49319347105451
"122","4119",1.25077812830869,2.94292320693808,9.39218299594241,3.27534554695937,2.59974951244804,5.19242075995088,4.12902160719904,0
"123","4145",116.322365932708,402.444748548782,705.084594909677,3188.54888996494,42.8958669553926,1022.90688971032,398.863487255428,472.071188676434
"124","4147",1.25077812830869,0,0,0,0.64993737811201,0,0,0
"125","4295",6.25389064154343,1.47146160346904,4.69609149797121,1.63767277347968,5.19949902489608,2.96709757711479,0,0
"126","4375",5.00311251323475,0.735730801734519,0,0,1.94981213433603,0,1.65160864287962,0
"127","4418",1.25077812830869,0,0.670870213995887,1.63767277347968,0.64993737811201,0.741774394278697,0,0
"128","4430",2.50155625661737,0.735730801734519,0,0,1.94981213433603,0,0.825804321439809,0
"129","4435",1.25077812830869,0.735730801734519,0,1.63767277347968,0,0,0.825804321439809,0
"130","4439",1.25077812830869,0,1.34174042799177,0,2.59974951244804,0,4.95482592863885,0
"131","4441",7.50466876985212,3.6786540086726,8.72131278194652,0,5.84943640300809,7.41774394278697,6.60643457151847,0
"132","4473",3.75233438492606,1.47146160346904,0.670870213995887,0,1.94981213433603,0,1.65160864287962,0
"133","4512",2.50155625661737,0,0,3.27534554695937,0,1.48354878855739,0.825804321439809,3.74659673552725
"134","4527",2.50155625661737,0,0.670870213995887,1.63767277347968,0.64993737811201,1.48354878855739,2.47741296431943,0
"135","4564",7.50466876985212,7.35730801734519,1.34174042799177,6.55069109391873,1.94981213433603,8.15951833706567,2.47741296431943,232.28899760269
"136","4575",15.0093375397042,2072.55366848614,293.170283516202,85.1589842209435,2.59974951244804,92.7217992848371,427.766638505821,59.9455477684361
"137","4614",1.25077812830869,0,0,0,0,0,0.825804321439809,0
"138","4640",1.25077812830869,0,0.670870213995887,0,0,0.741774394278697,0.825804321439809,0
"139","4672",6.25389064154343,0,0,4.91301832043905,1.29987475622402,0.741774394278697,0,3.74659673552725
"140","4678",2.50155625661737,6.62157721561067,4.69609149797121,1.63767277347968,5.84943640300809,2.22532318283609,4.12902160719904,3.74659673552725
"141","4685",1676.04269193364,0,3.35435106997943,1.63767277347968,2166.24128124733,0.741774394278697,4.95482592863885,7.49319347105451
"142","4719",2853.02491067211,55.9155409318235,307.929428224112,222.723497193237,1835.42315578832,12030.0971264119,234.528427288906,26.2261771486908
"143","4943",1.25077812830869,0,0.670870213995887,0,0.64993737811201,0,0,0
"144","4953",7.50466876985212,0.735730801734519,1.34174042799177,4.91301832043905,8.44918591545613,0,0,0
"145","5052",6.25389064154343,4.41438481040711,0,0,1.94981213433603,2.22532318283609,1.65160864287962,0
"146","5073",3.75233438492606,0.735730801734519,41.593953267745,8.18836386739842,0.64993737811201,0,0,22.4795804131635
"147","5506",1.25077812830869,0.735730801734519,6.70870213995887,1.63767277347968,0.64993737811201,2.22532318283609,6.60643457151847,0
"148","5533",2.50155625661737,0.735730801734519,0.670870213995887,0,1.29987475622402,0,0,0
"149","5579",336.459316515037,4.41438481040711,32.8726404857984,49.1301832043905,172.233405199683,13.3519390970165,28.0773469289535,14.986386942109
"150","5598",191.369053631229,13.2431544312213,19.4552362058807,4.91301832043905,90.3412955575694,9.64306712562306,11.5612605001573,11.2397902065818
"151","5658",1.25077812830869,0,1.34174042799177,3.27534554695937,1.29987475622402,0,0,3.74659673552725
"152","5810",1.25077812830869,0,0,0,0,0.741774394278697,0,0
"153","5884",1.25077812830869,0,0,0,0,0.741774394278697,0,0
"154","5890",1.25077812830869,0,0,0,0,0.741774394278697,0,0
"155","6181",1.25077812830869,0,1.34174042799177,0,1.94981213433603,0.741774394278697,0,0
"156","6215",1.25077812830869,0,0,0,0.64993737811201,1.48354878855739,0,0
"157","6564",2.50155625661737,0.735730801734519,2.01261064198766,4.91301832043905,2.59974951244804,2.22532318283609,1.65160864287962,0
"158","6849",1.25077812830869,0,0,1.63767277347968,0,0.741774394278697,0,0
"159","6953",1.25077812830869,0,0,0,0,0,0,0
"160","7045",1.25077812830869,0,0,0,0.64993737811201,0,0,0
"161","7090",30.0186750794085,0,12.075663851926,0,2.59974951244804,0,25.5999339646341,0
"162","7106",2.50155625661737,0,0,0,1.94981213433603,8.15951833706567,0,18.7329836776363
"163","7115",1.25077812830869,0,0,1.63767277347968,1.29987475622402,0,0,0
"164","7129",5.00311251323475,0,0,0,1.94981213433603,0,0,0
"165","7136",8.7554468981608,0.735730801734519,638.668443724084,1.63767277347968,22.7478082339203,14.8354878855739,2458.41946492631,7.49319347105451
"166","7164",1.25077812830869,0,0,1.63767277347968,0,0,1.65160864287962,3.74659673552725
"167","7369",1.25077812830869,0,0,0,0,0,0,0
"168","7374",3.75233438492606,0,0.670870213995887,0,3.24968689056005,0,1.65160864287962,0
"169","7456",1.25077812830869,0,0,0,0.64993737811201,0.741774394278697,0,0
"170","7459",939.334374359823,993.972313143335,536.025300982713,800.821986231565,802.02272459022,1442.00942247779,607.791980579699,157.357062892145
"171","7502",1.25077812830869,0,0,0,0,0,0,0
"172","10552",1.25077812830869,0,0,0,0,0,0,0
"173","10663",3.75233438492606,16.9218084398939,16.1008851359013,67.144583712667,1.94981213433603,0.741774394278697,6.60643457151847,322.207319255344
"174","12109",1.25077812830869,0,0,0,0,0,0,0
"175","13163",2.50155625661737,0,1.34174042799177,8.18836386739842,1.29987475622402,0.741774394278697,0.825804321439809,0
"176","13332",3.75233438492606,3.6786540086726,2.68348085598355,1.63767277347968,12.3488101841282,3.70887197139349,2.47741296431943,0
"177","13390",2.50155625661737,0,0,0,0.64993737811201,0,0,0
"178","13596",1.25077812830869,3.6786540086726,37.5687319837696,1.63767277347968,5.19949902489608,7.41774394278697,39.6386074291108,3.74659673552725
"179","13673",35.0217875926432,2.20719240520356,2.68348085598355,1.63767277347968,9.74906067168015,0.741774394278697,7.43223889295828,0
"180","13687",30.0186750794085,24.2791164572391,1.34174042799177,3.27534554695937,12.9987475622402,1.48354878855739,3.30321728575924,7.49319347105451
"181","13749",1.25077812830869,1.47146160346904,0.670870213995887,0,0,2.96709757711479,0.825804321439809,0
"182","13893",7.50466876985212,0.735730801734519,38.9104724117614,0,11.6988728060162,62.3090491194106,29.7289555718331,0
"183","19151",2.50155625661737,13.2431544312213,2.01261064198766,3.27534554695937,0,2.96709757711479,2.47741296431943,0
"184","20339",111.319253419473,0,0,0,76.0426732391051,0,0,0
"185","21880",21.2632281812477,0.735730801734519,34.2143809137902,6.55069109391873,14.2986223184642,0,19.8193037145554,0
"186","21896",1.25077812830869,0,1.34174042799177,1.63767277347968,0,0,1.65160864287962,0
"187","22662",2.50155625661737,0,58.3657086176421,145.752876839692,1.29987475622402,0,142.038343287647,52.4523542973816
"188","22986",3.75233438492606,0,0,0,0.64993737811201,0,0,0
"189","23166",2.50155625661737,10.3002312242833,1.34174042799177,8.18836386739842,0,7.41774394278697,0.825804321439809,0
"190","24961",47.5295688757301,0,2.01261064198766,0,55.8946145176328,0,0,0
"191","27456",1.25077812830869,0,0.670870213995887,0,0,0,0,0
"192","28196",1.25077812830869,0,0,0,0,3.70887197139349,0,0
"193","28609",5.00311251323475,0.735730801734519,0,0,0,0,0,0
"194","28641",1.25077812830869,0,0.670870213995887,1.63767277347968,1.29987475622402,0.741774394278697,3.30321728575924,0
"195","29465",2.50155625661737,57.3870025352925,2.01261064198766,0,1.29987475622402,20.0279086455248,0,11.2397902065818
"196","29487",1.25077812830869,0,0,0,0,0.741774394278697,0,0
"197","29580",1.25077812830869,0,0,0,0,0,0,3.74659673552725
"198","32008",13.7585594113955,16.1860776381594,0.670870213995887,8.18836386739842,9.09912329356814,1.48354878855739,4.12902160719904,7.49319347105451
"199","32068",1.25077812830869,0,0,0,0,0,0,0
"200","32207",1.25077812830869,47.0867713110092,4.69609149797121,0,1.29987475622402,23.7367806169183,0,71.1853379750178
"201","32263",12.5077812830869,5.88584641387615,8.72131278194652,1.63767277347968,4.54956164678407,1.48354878855739,0.825804321439809,0
"202","32390",1.25077812830869,0,0,0,0,0,0,0
"203","33073",33.7710094643345,0.735730801734519,5.36696171196709,26.2027643756749,25.3475577463684,2.96709757711479,3.30321728575924,7.49319347105451
"204","33194",1.25077812830869,0,0.670870213995887,0,0,0,0,3.74659673552725
"205","33882",1.25077812830869,0.735730801734519,0.670870213995887,0,1.29987475622402,0,0.825804321439809,3.74659673552725
"206","33886",2.50155625661737,0,0,0,0,0,2.47741296431943,0
"207","33926",6.25389064154343,0,0,0,9.09912329356814,0,0,0
"208","33981",1.25077812830869,0,0,0,0.64993737811201,0,0,0
"209","33986",1.25077812830869,0.735730801734519,0,3.27534554695937,0.64993737811201,0,1.65160864287962,0
"210","34037",10.0062250264695,0.735730801734519,2.68348085598355,0,1.94981213433603,0,11.5612605001573,0
"211","35715",5.00311251323475,0,0,1.63767277347968,4.54956164678407,0,0,0
"212","36747",18.7616719246303,10.3002312242833,33.5435106997943,9.8260366408781,46.1455538459527,6.67596954850827,26.4257382860739,3.74659673552725
"213","36910",1.25077812830869,0.735730801734519,0,0,0,0,0,0
"214","36913",1.25077812830869,0,0,0,0,0,0,0
"215","40323",32.5202313360258,5.88584641387615,38.2396021977655,14.7390549613171,18.8481839652483,4.45064636567218,97.4449099298974,44.9591608263271
"216","41275",2.50155625661737,11.0359620260178,2.68348085598355,4.91301832043905,1.94981213433603,2.96709757711479,3.30321728575924,29.972773884218
"217","41820",1.25077812830869,0,1.34174042799177,1.63767277347968,0,0.741774394278697,0,0
"218","43668",3.75233438492606,0,0,0,2.59974951244804,0,0.825804321439809,7.49319347105451
"219","43850",15.0093375397042,0,7.37957235395475,3.27534554695937,6.4993737811201,0,9.0838475358379,0
"220","43860",17.5108937963216,4.41438481040711,18.7843659918848,3.27534554695937,17.5483092090243,14.0937134912952,18.1676950716758,0
"221","43877",1.25077812830869,1.47146160346904,2.01261064198766,0,1.94981213433603,1.48354878855739,0,3.74659673552725
"222","44249",1.25077812830869,1.47146160346904,0,1.63767277347968,0.64993737811201,1.48354878855739,14.8644777859166,0
"223","45057",1.25077812830869,0.735730801734519,12.075663851926,1.63767277347968,0,0,4.95482592863885,0
"224","45059",17.5108937963216,3.6786540086726,13.4174042799177,3.27534554695937,8.44918591545613,0,19.8193037145554,14.986386942109
"225","45324",36.2725657209519,0,5.36696171196709,1.63767277347968,27.9473072588164,1.48354878855739,4.12902160719904,0
"226","45350",1.25077812830869,0,0,0,0,0,0,0
"227","45669",5.00311251323475,0,0,0,0,0,0,0
"228","46036",6.25389064154343,0.735730801734519,4.02522128397532,0,2.59974951244804,0,2.47741296431943,0
"229","46238",1.25077812830869,0,0,0,4.54956164678407,0.741774394278697,0,0
"230","46239",1.25077812830869,0,0,0,3.89962426867206,0,0.825804321439809,0
"231","46255",2.50155625661737,0.735730801734519,4.69609149797121,0,8.44918591545613,3.70887197139349,4.12902160719904,0
"232","46352",1.25077812830869,0,0,0,0,0,0,0
"233","46366",8.7554468981608,0,1.34174042799177,0,3.89962426867206,1.48354878855739,0,0
"234","46580",11.2570031547782,5.15011561214163,25.4930681318437,55.6808742983092,5.19949902489608,1.48354878855739,5.78063025007866,449.591608263271
"235","47605",1.25077812830869,0.735730801734519,2.68348085598355,1.63767277347968,1.94981213433603,14.0937134912952,0.825804321439809,0
"236","48219",2.50155625661737,0,1.34174042799177,0,0,0,3.30321728575924,0
"237","49743",2.50155625661737,0,0.670870213995887,0,0,0,0.825804321439809,0
"238","49800",135.084037857338,0,0.670870213995887,0,81.8921096421132,0,0.825804321439809,3.74659673552725
"239","50235",2.50155625661737,0.735730801734519,3.35435106997943,0,3.24968689056005,0,0,0
"240","50304",1.25077812830869,0,0,0,0,0,0,0
"241","50451",1.25077812830869,0.735730801734519,1.34174042799177,0,0.64993737811201,0,0.825804321439809,3.74659673552725
"242","51502",11.2570031547782,1.47146160346904,4.69609149797121,1.63767277347968,18.8481839652483,5.93419515422958,1.65160864287962,0
"243","51538",1.25077812830869,0,0,0,0.64993737811201,0,0,0
"244","51952",2.50155625661737,0.735730801734519,8.72131278194652,0,2.59974951244804,28.1874269825905,14.0386734644767,0
"245","53246",1.25077812830869,0.735730801734519,0,1.63767277347968,0,0.741774394278697,0,0
"246","53335",1909.93820192736,80.9303881907971,623.238428802179,165.404950121448,2526.30658872138,296.709757711479,2565.77402671349,314.714125784289
"247","53387",10.0062250264695,0,0,0,2.59974951244804,0,0,0
"248","53922",33.7710094643345,0.735730801734519,3.35435106997943,0,27.2973698807044,0.741774394278697,0,0
"249","55193",6.25389064154343,553.269562904358,43.6065639097326,39.3041465635124,12.3488101841282,143.904232490067,10.7354561787175,333.447109461926
"250","55512",80.0498002117559,83.8733113977352,84.5296469634817,32.7534554695937,42.2459295772806,126.843421421657,93.3158883226984,3.74659673552725
"251","55968",1.25077812830869,0,0,0,0,0,0,3.74659673552725
"252","56064",1.25077812830869,0,0.670870213995887,1.63767277347968,0.64993737811201,0.741774394278697,2.47741296431943,0
"253","56524",1.25077812830869,0,0,0,0,0,0,0
"254","57493",6.25389064154343,2.20719240520356,0,0,0.64993737811201,2.22532318283609,0,3.74659673552725
"255","58859",81.3005783400646,0,5.36696171196709,0,69.543299457985,1.48354878855739,2.47741296431943,0
"256","58949",5.00311251323475,0,0.670870213995887,0,4.54956164678407,0,0,0
"257","59732",3.75233438492606,5.15011561214163,2.68348085598355,0,9.09912329356814,2.22532318283609,1.65160864287962,3.74659673552725
"258","59734",1.25077812830869,0,0,0,0,0,0.825804321439809,0
"259","60092",1.25077812830869,0,0,0,0,0,0,0
"260","62624",33.7710094643345,58.8584641387615,52.3278766916792,52.4055287513499,63.0439256768649,29.6709757711479,69.3675630009439,22.4795804131635
"261","63084",16.2601156680129,3.6786540086726,2.68348085598355,40.9418193369921,7.79924853734412,0,2.47741296431943,22.4795804131635
"262","63350",1.25077812830869,0,0,0,0,0,0,0
"263","65356",7.50466876985212,0.735730801734519,0,3.27534554695937,9.09912329356814,4.45064636567218,1.65160864287962,3.74659673552725
"264","66647",1.25077812830869,0,0,0,0,0,0,0
"265","68287",1.25077812830869,1.47146160346904,1.34174042799177,4.91301832043905,0.64993737811201,0,0.825804321439809,3.74659673552725
"266","71245",1.25077812830869,0,0,0,0,0,0,0
"267","71655",3.75233438492606,0,0,0,1.94981213433603,0,0,0
"268","72171",21.2632281812477,0,0,1.63767277347968,28.5972446369284,2.96709757711479,0.825804321439809,0
"269","72763",1.25077812830869,0.735730801734519,0.670870213995887,0,0.64993737811201,0,0,0
"270","72766",2.50155625661737,0,0,0,5.19949902489608,0,0,0
"271","80764",3.75233438492606,0,3.35435106997943,1.63767277347968,0.64993737811201,0,0,0
"272","82038",2.50155625661737,0,0,0,0,0,0,0
"273","82986",501.562029451783,54.4440793283544,366.96600705575,116.274766917057,1176.38665438274,251.461519660478,1146.21639815845,67.4387412394906
"274","83484",13.7585594113955,0,0,0,7.14931115923211,0,0,0
"275","83654",3.75233438492606,0,0.670870213995887,3.27534554695937,7.14931115923211,0,2.47741296431943,0
"276","84565",38011.147319301,10.3002312242833,27.5056787738313,11.4637094143578,39699.4749298378,247.010873294806,32.2063685361525,191.07643351189
"277","88138",1.25077812830869,0,0,1.63767277347968,0.64993737811201,0,0,0
"278","88270",1.25077812830869,0,0,0,0,0,0,0
"279","89896",1.25077812830869,0,0,0,0,0,0,0
"280","89966",30.0186750794085,0,0,3.27534554695937,17.5483092090243,1.48354878855739,1.65160864287962,0
"281","91200",1.25077812830869,0,0,0,0.64993737811201,0,0,0
"282","91914",3.75233438492606,0,0,0,7.79924853734412,0,0,0
"283","93217",1.25077812830869,0,0,0,0.64993737811201,0,0,0
"284","93752",5.00311251323475,0,0,0,1.94981213433603,0,0,0
"285","94285",5.00311251323475,4.41438481040711,1.34174042799177,4.91301832043905,1.29987475622402,21.5114574340822,0,0
"286","98005",1.25077812830869,0,0,0,0,0.741774394278697,0,0
"287","99657",36.2725657209519,0,5.36696171196709,1.63767277347968,14.2986223184642,2.22532318283609,1.65160864287962,0
"288","106589",2.50155625661737,6.62157721561067,6.03783192596298,14.7390549613171,0.64993737811201,0.741774394278697,1.65160864287962,67.4387412394906
"289","111850",1.25077812830869,0,0,0,1.29987475622402,0,0,0
"290","111885",8.7554468981608,0.735730801734519,0.670870213995887,0,9.09912329356814,2.22532318283609,3.30321728575924,7.49319347105451
"291","113604",1.25077812830869,0,0.670870213995887,0,0,0,0,0
"292","115628",2.50155625661737,0,0.670870213995887,1.63767277347968,1.94981213433603,0.741774394278697,0.825804321439809,0
"293","117248",35.0217875926432,24.2791164572391,103.314012955367,19.6520732817562,118.288602816386,17.06081106841,86.7094537511799,3.74659673552725
"294","121480",25.0155625661737,0,2.68348085598355,1.63767277347968,16.2484344528002,0,1.65160864287962,0
"295","122277",3.75233438492606,0.735730801734519,0.670870213995887,0,4.54956164678407,1.48354878855739,1.65160864287962,0
"296","122809",1.25077812830869,0,2.01261064198766,1.63767277347968,3.24968689056005,0.741774394278697,4.95482592863885,0
"297","125216",1.25077812830869,0,0,0,0.64993737811201,0,0,0
"298","126747",31.2694532077172,0,0,0,35.7465557961605,0,0,0
"299","132116",3.75233438492606,0,0,0,3.89962426867206,0,1.65160864287962,0
"300","137301",16.2601156680129,0.735730801734519,1.34174042799177,0,3.89962426867206,0,1.65160864287962,0
"301","140034",138.836372242264,0,0,0,184.582215383811,0,0,0
"302","141608",1.25077812830869,0,0.670870213995887,0,0,0,0.825804321439809,0
"303","146937",1.25077812830869,0,0,0,0,0,1.65160864287962,0
"304","148959",6.25389064154343,0,0,0,3.24968689056005,0,0,0
"305","149698",11.2570031547782,0,0,0,3.89962426867206,0,2.47741296431943,3.74659673552725
"306","154674",1.25077812830869,0,0,0,0.64993737811201,0,0,0
"307","160674",21.2632281812477,0.735730801734519,0,3.27534554695937,12.9987475622402,0.741774394278697,0.825804321439809,0
"308","162291",5.00311251323475,0,0,0,1.94981213433603,0,0,0
"309","162638",1.25077812830869,0,0,0,0,0,0,0
"310","162790",12.5077812830869,0.735730801734519,1.34174042799177,0,13.6486849403522,0,3.30321728575924,0
"311","165695",1.25077812830869,97.1164658289565,0.670870213995887,0,0.64993737811201,8.90129273134437,3.30321728575924,0
"312","165696",1.25077812830869,21.3361932503011,0,0,3.24968689056005,0.741774394278697,4.12902160719904,0
"313","166331",7.50466876985212,0,0,0,7.14931115923211,0,0,0
"314","170610",1.25077812830869,0,0,0,0,0,0,0
"315","186650",1.25077812830869,0,0,0,0,0,0,0
"316","192258",1.25077812830869,0,0,0,0,0,0,0
"317","196082",1.25077812830869,0,0,0,0,0,0,0
"318","216851",1.25077812830869,0.735730801734519,2.68348085598355,0,0,0,0,0
"319","217164",1.25077812830869,0,2.01261064198766,1.63767277347968,0,0.741774394278697,0.825804321439809,3.74659673552725
"320","220872",1.25077812830869,0,0,0,0,0,0,0
"321","260125",1.25077812830869,2.94292320693808,0,0,0,11.1266159141805,0,0
"322","308865",1.25077812830869,0,0,0,0,4.45064636567218,0,0
"323","320496",15.0093375397042,0,0,0,10.3989980497922,0,0,0
"324","323449",1.25077812830869,0,0,0,0,0,0,0
"325","337184",1.25077812830869,0,0,0,0.64993737811201,0,0,0
"326","369248",12.5077812830869,0,0.670870213995887,1.63767277347968,21.4479334776963,0.741774394278697,0,0
"327","371959",42.5264563624953,0,0,0,23.3977456120324,0,0,0
"328","407287",1.25077812830869,0,0,1.63767277347968,0,0,0,0
"329","413496",2.50155625661737,0.735730801734519,0,0,1.29987475622402,0,0,0
"330","449632",13.7585594113955,0,0,0,9.74906067168015,0,0,3.74659673552725
"331","468162",3.75233438492606,0,0,0,1.94981213433603,0,0,0
"332","507510",1.25077812830869,0,0.670870213995887,0,0.64993737811201,0,0.825804321439809,0
"333","553462",46.2787907474214,1.47146160346904,1.34174042799177,3.27534554695937,39.6461800648326,0.741774394278697,2.47741296431943,0
"334","558016",2.50155625661737,0,0,0,3.24968689056005,0.741774394278697,0,0
"335","559173",3.75233438492606,11.0359620260178,9.39218299594241,21.2897460552359,11.6988728060162,3.70887197139349,14.0386734644767,0
"336","568987",10.0062250264695,0,2.68348085598355,0,22.7478082339203,0.741774394278697,1.65160864287962,0
"337","604375",1.25077812830869,0,0,0,0,0,0,3.74659673552725
"338","670516",1.25077812830869,0,0.670870213995887,0,0,0,0,3.74659673552725
"339","680682",2.50155625661737,0,0,0,0,0,0,3.74659673552725
"340","688353",1.25077812830869,0,0,0,0,0,0,0
"341","929812",6.25389064154343,0,0,0,3.89962426867206,2.22532318283609,0,0
"342","1003260",18.7616719246303,2.20719240520356,0.670870213995887,3.27534554695937,9.09912329356814,0,1.65160864287962,0
"343","1079922",20.012450052939,108.888158656709,35.556121341782,299.694117546782,35.0966184180485,788.506181118255,37.9869987862312,71.1853379750178
"344","1193503",20.012450052939,194.232931657913,57.6948384036462,224.361169966717,47.4454286021767,2155.59638977389,52.0256722507079,11.2397902065818
"345","1193515",3.75233438492606,207.476086089134,15.4300149219054,31.115782696114,19.4981213433603,259.621037997544,47.0708463220691,37.4659673552725
"346","1223423",2.50155625661737,0,8.05044256795064,0,5.19949902489608,0.741774394278697,14.0386734644767,0
"347","1273155",1.25077812830869,0,0,0,0,0,0,0
"348","1285593",5.00311251323475,0,4.02522128397532,0,19.4981213433603,2.96709757711479,17.341890750236,0
"349","1291282",11.2570031547782,0,0,3.27534554695937,1.94981213433603,0,0.825804321439809,3.74659673552725
"350","1330545",2.50155625661737,0,0,0,4.54956164678407,0,1.65160864287962,0
"351","1330547",8.7554468981608,0,18.1134957778889,0,12.3488101841282,0.741774394278697,96.6191056084576,7.49319347105451
"352","1335631",46.2787907474214,1151.41870471452,130.819691729198,319.346190828538,120.888352328834,7988.16845198729,128.82547414461,11.2397902065818
"353","1356488",7.50466876985212,0,2.01261064198766,0,22.0978708558083,0,4.95482592863885,0
"354","1502711",37.5233438492606,1.47146160346904,14.7591447079095,3.27534554695937,31.8469315274885,0.741774394278697,9.0838475358379,7.49319347105451
"355","1602345",107.566919034547,21.3361932503011,25.4930681318437,112.999421370098,200.180712458499,35.6051709253775,52.8514765721478,93.6649183881813
"356","1623283",1.25077812830869,0,2.68348085598355,0,0,0,0.825804321439809,0
"357","1654741",77.5482439551385,30.9006936728498,32.8726404857984,139.202185745773,101.390230985474,48.2153356281153,62.7611284294255,104.904708594763
"358","1676142",1.25077812830869,0,0,0,0,0,0,0
"359","1742989",12.5077812830869,1.47146160346904,0,0,3.24968689056005,0,0,0
"360","1742992",1.25077812830869,0,0,0,0,0,0,0
"361","1778601",3.75233438492606,0,0.670870213995887,0,24.0476829901444,0,0.825804321439809,0
"362","1803640",3.75233438492606,0,0,0,0.64993737811201,1.48354878855739,0,0
"363","1822464",1.25077812830869,4.41438481040711,2.01261064198766,9.8260366408781,0.64993737811201,0.741774394278697,1.65160864287962,48.7057575618543
"364","1906657",1.25077812830869,0,0,0,1.94981213433603,0,0.825804321439809,0
"365","1912216",15.0093375397042,1533.99872161647,128.80708108721,78.6082931270248,24.0476829901444,468.801417184137,33.8579771790322,532.01673644487
"366","1933192",1.25077812830869,0,0,0,0,0,0,0
"367","1955842",1.25077812830869,0,0,0,0.64993737811201,0,2.47741296431943,0
"368","1964366",1.25077812830869,0,0,0,0,0.741774394278697,0,0
"369","1985293",2.50155625661737,0,0,0,2.59974951244804,0,0,0
"370","2051062",12.5077812830869,0.735730801734519,4.69609149797121,0,4.54956164678407,0.741774394278697,0.825804321439809,0
"371","2055880",6.25389064154343,0,0,0,2.59974951244804,0,0,3.74659673552725
"372","2100764",8.7554468981608,1.47146160346904,6.03783192596298,8.18836386739842,16.2484344528002,0,19.8193037145554,18.7329836776363
"373","2249430",11.2570031547782,0,1.34174042799177,1.63767277347968,9.09912329356814,2.22532318283609,2.47741296431943,0
"374","2560154",1.25077812830869,0,0,0,1.94981213433603,0,0.825804321439809,0
"375","71",0,4.41438481040711,0,0,0,1.48354878855739,0,0
"376","194",0,1.47146160346904,0,0,0.64993737811201,2.22532318283609,0.825804321439809,3.74659673552725
"377","237",0,1.47146160346904,0,0,1.29987475622402,1.48354878855739,0,7.49319347105451
"378","265",0,8.09303881907971,0,0,0.64993737811201,0,1.65160864287962,0
"379","270",0,58.8584641387615,0,0,0,1.48354878855739,0,0
"380","279",0,1.47146160346904,0,0,0,0,0,0
"381","283",0,0.735730801734519,0.670870213995887,0,0.64993737811201,0,0.825804321439809,0
"382","374",0,2.94292320693808,0,0,0,0.741774394278697,0.825804321439809,7.49319347105451
"383","379",0,1.47146160346904,0,0,0.64993737811201,0.741774394278697,0,0
"384","416",0,0.735730801734519,0,0,1.29987475622402,0.741774394278697,0.825804321439809,0
"385","475",0,19.864731646832,6.70870213995887,8.18836386739842,3.24968689056005,5.19242075995088,21.470912357435,101.158111859236
"386","497",0,8.09303881907971,0,0,1.94981213433603,1.48354878855739,1.65160864287962,3.74659673552725
"387","507",0,0.735730801734519,0,0,0.64993737811201,0,0,0
"388","528",0,2.94292320693808,1.34174042799177,6.55069109391873,0.64993737811201,0,0,0
"389","538",0,0.735730801734519,0,0,0,0.741774394278697,0,7.49319347105451
"390","579",0,1.47146160346904,0.670870213995887,1.63767277347968,1.94981213433603,5.93419515422958,2.47741296431943,0
"391","838",0,11.0359620260178,1.34174042799177,0,0,2.96709757711479,0.825804321439809,7.49319347105451
"392","841",0,2.20719240520356,3.35435106997943,0,1.29987475622402,0,0,0
"393","970",0,0.735730801734519,0,0,0,0.741774394278697,0,0
"394","1016",0,34.5793476815224,2.01261064198766,0,0.64993737811201,13.3519390970165,0,3.74659673552725
"395","1041",0,0.735730801734519,0,0,0,0,0,0
"396","1111",0,1.47146160346904,0,0,0,0,0,0
"397","1125",0,0.735730801734519,0,0,0,0,0.825804321439809,0
"398","1234",0,0.735730801734519,0,0,0,0,0,0
"399","1269",0,9.56450042254875,0.670870213995887,1.63767277347968,0,0.741774394278697,0,7.49319347105451
"400","1378",0,11.7716928277523,0,0,1.29987475622402,2.96709757711479,0.825804321439809,7.49319347105451
"401","1380",0,1.47146160346904,0,0,0,0,0,3.74659673552725
"402","1649",0,0.735730801734519,0,0,0,0.741774394278697,0,0
"403","1654",0,15.4503468364249,2.68348085598355,0,2.59974951244804,10.3848415199018,0,18.7329836776363
"404","1743",0,7.35730801734519,0,0,0,2.96709757711479,0,0
"405","1827",0,2.94292320693808,0,1.63767277347968,1.94981213433603,2.22532318283609,2.47741296431943,33.7193706197453
"406","2053",0,0.735730801734519,0,0,0.64993737811201,0,0.825804321439809,0
"407","2701",0,0.735730801734519,0,0,0,0,0.825804321439809,0
"408","2755",0,15.4503468364249,14.0882744939136,0,0,4.45064636567218,0,11.2397902065818
"409","3443",0,12.5074236294868,6.03783192596298,6.55069109391873,0.64993737811201,2.22532318283609,4.95482592863885,3.74659673552725
"410","3482",0,0.735730801734519,0,1.63767277347968,1.29987475622402,0.741774394278697,0,0
"411","3554",0,6.62157721561067,1.34174042799177,4.91301832043905,1.29987475622402,5.93419515422958,0.825804321439809,0
"412","3558",0,1.47146160346904,0.670870213995887,0,0.64993737811201,2.22532318283609,1.65160864287962,0
"413","3624",0,0.735730801734519,0,0,0,0.741774394278697,0.825804321439809,0
"414","3640",0,2.94292320693808,1.34174042799177,4.91301832043905,1.94981213433603,3.70887197139349,5.78063025007866,0
"415","3727",0,2.94292320693808,1.34174042799177,3.27534554695937,0,10.3848415199018,4.12902160719904,0
"416","3729",0,0.735730801734519,0,0,0,0,0,0
"417","3746",0,0.735730801734519,0,0,0.64993737811201,0.741774394278697,0.825804321439809,0
"418","3815",0,0.735730801734519,0,0,0.64993737811201,0.741774394278697,0,0
"419","3990",0,20.6004624485665,0,0,0,0,0,0
"420","3995",0,0.735730801734519,0,3.27534554695937,0,0.741774394278697,0,0
"421","4034",0,0.735730801734519,0,0,0.64993737811201,1.48354878855739,0,0
"422","4038",0,0.735730801734519,0.670870213995887,0,0.64993737811201,0,1.65160864287962,0
"423","4071",0,0.735730801734519,0,0,0,1.48354878855739,0,0
"424","4128",0,5.15011561214163,0.670870213995887,0,0,0,0.825804321439809,0
"425","4181",0,2.20719240520356,1.34174042799177,0,0.64993737811201,0,1.65160864287962,0
"426","4204",0,1.47146160346904,1.34174042799177,0,0,1.48354878855739,0,3.74659673552725
"427","4231",0,11.0359620260178,0.670870213995887,1.63767277347968,0,11.8683903084592,1.65160864287962,0
"428","4235",0,0.735730801734519,1.34174042799177,0,0.64993737811201,6.67596954850827,0,0
"429","4264",0,0.735730801734519,5.36696171196709,1.63767277347968,0,6.67596954850827,1.65160864287962,0
"430","4402",0,0.735730801734519,0,0,0,0,0,0
"431","4480",0,1.47146160346904,0,0,0,0.741774394278697,0,7.49319347105451
"432","4520",0,6.62157721561067,4.02522128397532,19.6520732817562,0.64993737811201,0,1.65160864287962,0
"433","4895",0,0.735730801734519,0,1.63767277347968,0,0,0,0
"434","4910",0,1.47146160346904,1.34174042799177,0,0,1.48354878855739,0,3.74659673552725
"435","4919",0,0.735730801734519,0,0,0.64993737811201,0,0,0
"436","4930",0,1.47146160346904,0,0,0.64993737811201,0,0,0
"437","5269",0,1.47146160346904,0,1.63767277347968,0,0,0,0
"438","6411",0,0.735730801734519,0,0,0,0,0.825804321439809,0
"439","6578",0,1.47146160346904,2.01261064198766,0,0.64993737811201,3.70887197139349,0.825804321439809,7.49319347105451
"440","6944",0,0.735730801734519,0,0,0,0,0,0
"441","7028",0,2.20719240520356,2.68348085598355,3.27534554695937,0,0.741774394278697,0,0
"442","7037",0,0.735730801734519,0,0,0,0,0,0
"443","11646",0,0.735730801734519,0,0,0,0,0,0
"444","12916",0,7.35730801734519,11.4047936379301,0,0.64993737811201,0,65.2385413937449,7.49319347105451
"445","13328",0,1.47146160346904,0,0,0,0,0,0
"446","13422",0,8.82876962081423,0,1.63767277347968,0,15.5772622798526,0,0
"447","13464",0,0.735730801734519,0,0,0,0,0,0
"448","15367",0,1.47146160346904,2.68348085598355,425.794921104718,0,7.41774394278697,3.30321728575924,82.4251281815996
"449","16718",0,25.7505780607082,0.670870213995887,0,0.64993737811201,5.19242075995088,0,0
"450","19205",0,0.735730801734519,0,0,0,0,0,0
"451","26867",0,2.94292320693808,1.34174042799177,8.18836386739842,0,37.8304941082136,0,11.2397902065818
"452","26963",0,11.0359620260178,0,0,0,0,0,3.74659673552725
"453","28453",0,0.735730801734519,0,0,1.29987475622402,0,0,7.49319347105451
"454","29175",0,0.735730801734519,0,0,0,0,0,0
"455","29330",0,0.735730801734519,0,0,0,0,0,0
"456","29393",0,5.88584641387615,1.34174042799177,0,0,1.48354878855739,0,0
"457","29548",0,0.735730801734519,0,0,0,0,0,0
"458","32067",0,3.6786540086726,0.670870213995887,1.63767277347968,0.64993737811201,2.22532318283609,0,0
"459","32199",0,4.41438481040711,2.01261064198766,0,0.64993737811201,0,0,0
"460","33042",0,0.735730801734519,0,0,0,0,0,0
"461","33057",0,0.735730801734519,0,0,0,0,0,0
"462","33196",0,0.735730801734519,0.670870213995887,0,0,0,0.825804321439809,0
"463","34072",0,2.94292320693808,1.34174042799177,0,0,0,5.78063025007866,14.986386942109
"464","34372",0,0.735730801734519,0.670870213995887,0,0.64993737811201,0,0,0
"465","36459",0,0.735730801734519,0,0,0,0,0,3.74659673552725
"466","36739",0,3.6786540086726,0.670870213995887,0,0,0,0.825804321439809,0
"467","37818",0,0.735730801734519,0,0,0,0,0,0
"468","37914",0,0.735730801734519,0,0,1.29987475622402,0,0,0
"469","39948",0,0.735730801734519,0,0,0,0,0,0
"470","40958",0,1.47146160346904,0,0,0,0.741774394278697,0,0
"471","41503",0,0.735730801734519,0,0,0,0,0,0
"472","41574",0,5.15011561214163,0.670870213995887,0,0,0,0.825804321439809,0
"473","47670",0,0.735730801734519,0,0,0,0.741774394278697,0.825804321439809,11.2397902065818
"474","47732",0,0.735730801734519,0,0,0,0,0,0
"475","48736",0,16.9218084398939,0.670870213995887,3.27534554695937,1.94981213433603,0,0,0
"476","49448",0,0.735730801734519,0,0,0,0,0,0
"477","49697",0,0.735730801734519,0,0,0,0,0,0
"478","50147",0,0.735730801734519,2.01261064198766,1.63767277347968,1.94981213433603,5.19242075995088,6.60643457151847,0
"479","53457",0,0.735730801734519,0,0,0,0,0,7.49319347105451
"480","56016",0,11.7716928277523,0,0,0,0,0,0
"481","63067",0,1.47146160346904,0.670870213995887,4.91301832043905,0.64993737811201,2.96709757711479,0.825804321439809,0
"482","63344",0,0.735730801734519,0,0,0,0,0,0
"483","65551",0,2644.21650143386,0,0,0,49.6988844166727,0,0
"484","69451",0,25.7505780607082,11.4047936379301,11.4637094143578,0.64993737811201,218.081671917937,10.7354561787175,11.2397902065818
"485","69453",0,1.47146160346904,0,1.63767277347968,0,11.1266159141805,0,0
"486","70774",0,127.281428700072,0,0,0,2.22532318283609,0,0
"487","71353",0,0.735730801734519,0,0,0,0,0,0
"488","72924",0,25.0148472589736,5.36696171196709,0,0,5.93419515422958,2.47741296431943,0
"489","73918",0,2.94292320693808,0,0,0,0.741774394278697,0,0
"490","75905",0,1.47146160346904,0,0,0,0,0,0
"491","76024",0,1.47146160346904,0,0,0,4.45064636567218,0.825804321439809,0
"492","80865",0,1096.23889458443,0,0,0.64993737811201,36.3469453196562,2.47741296431943,3.74659673552725
"493","82105",0,0.735730801734519,0,0,0,0,0,0
"494","83867",0,0.735730801734519,0,0,0,0,0,0
"495","87753",0,2.20719240520356,0,1.63767277347968,0,0,1.65160864287962,0
"496","92918",0,1.47146160346904,3.35435106997943,0,0,0.741774394278697,2.47741296431943,0
"497","93758",0,0.735730801734519,2.01261064198766,0,1.29987475622402,0.741774394278697,0.825804321439809,0
"498","105983",0,0.735730801734519,0,0,0,0,0,0
"499","118889",0,1.47146160346904,0,3.27534554695937,0,0,0,3.74659673552725
"500","126359",0,0.735730801734519,1.34174042799177,0,1.29987475622402,1.48354878855739,1.65160864287962,0
"501","126428",0,0.735730801734519,0.670870213995887,0,0.64993737811201,0.741774394278697,2.47741296431943,0
"502","129337",0,25.7505780607082,0,0,0,0.741774394278697,0,0
"503","131309",0,0.735730801734519,0,0,0,0.741774394278697,0,0
"504","150022",0,5.15011561214163,0.670870213995887,0,0,2.96709757711479,0,3.74659673552725
"505","150203",0,1.47146160346904,0,0,0,0,0,0
"506","150247",0,55.9155409318235,0,0,0,0,0,0
"507","161095",0,0.735730801734519,0,0,0,0,0,0
"508","162289",0,8.09303881907971,1.34174042799177,0,0,1.48354878855739,0,3.74659673552725
"509","165697",0,11.0359620260178,0,0,0,2.96709757711479,0.825804321439809,0
"510","165779",0,41.9366556988676,0,1.63767277347968,0,12.6101647027379,0,11.2397902065818
"511","171928",0,0.735730801734519,0,0,0,0.741774394278697,0,0
"512","174951",0,0.735730801734519,0,0,0,0,0,0
"513","185313",0,0.735730801734519,0,0,0,0,0,0
"514","195950",0,0.735730801734519,0.670870213995887,0,0,0.741774394278697,0,0
"515","207244",0,0.735730801734519,0,0,0,0,0,0
"516","213485",0,1.47146160346904,0,0,0,0,0,0
"517","219181",0,0.735730801734519,0,0,0,0,0,0
"518","227388",0,0.735730801734519,0,0,0,0,0,0
"519","265583",0,0.735730801734519,0,0,0,0,0,0
"520","333922",0,1.47146160346904,0,0,0,0.741774394278697,0,0
"521","336276",0,0.735730801734519,0,0,0,0,0,0
"522","361177",0,0.735730801734519,0,0,0,0,0,0
"523","416916",0,2.20719240520356,0,0,0,0,0,0
"524","447792",0,0.735730801734519,0,0,0,0,0,0
"525","459532",0,1.47146160346904,0,0,0,0,0,0
"526","461281",0,2.20719240520356,2.68348085598355,0,0,0,3.30321728575924,0
"527","594676",0,2.20719240520356,0,3.27534554695937,0,0.741774394278697,0,0
"528","687674",0,1.47146160346904,0,0,0,2.22532318283609,0,0
"529","766502",0,0.735730801734519,0,0,0,0,0,0
"530","1082702",0,1.47146160346904,0,47.4925104309108,2.59974951244804,1.48354878855739,0,18.7329836776363
"531","1434011",0,1.47146160346904,4.02522128397532,3.27534554695937,0.64993737811201,1.48354878855739,5.78063025007866,0
"532","1478145",0,27.2220396641772,1.34174042799177,3.27534554695937,0.64993737811201,150.580202038576,1.65160864287962,0
"533","1582879",0,0.735730801734519,0,0,0,0,0,0
"534","1623305",0,0.735730801734519,0,0,0,0,0,74.9319347105451
"535","1670761",0,0.735730801734519,0,0,0,0,0,0
"536","1847725",0,2.20719240520356,0.670870213995887,3.27534554695937,0,3.70887197139349,0,0
"537","1868332",0,0.735730801734519,0,0,0,0,0,0
"538","1912215",0,1.47146160346904,0,0,0,0,0,0
"539","1913650",0,1.47146160346904,0,0,0,0,0,0
"540","1920207",0,0.735730801734519,0,0,0,0,0,0
"541","1982251",0,1.47146160346904,2.01261064198766,0,0.64993737811201,1.48354878855739,0.825804321439809,0
"542","2034504",0,1.47146160346904,0,0,0,0,0,0
"543","2045213",0,0.735730801734519,0,0,0,0,0,0
"544","2082587",0,0.735730801734519,0,0,0,0,0,0
"545","2529408",0,7.35730801734519,4.02522128397532,0,0.64993737811201,0.741774394278697,0,11.2397902065818
"546","2707020",0,0.735730801734519,0,0,0,0,0,0
"547","146",0,0,0.670870213995887,0,0,0,0.825804321439809,0
"548","222",0,0,0.670870213995887,0,0.64993737811201,0,2.47741296431943,0
"549","349",0,0,0.670870213995887,0,0,0,0,3.74659673552725
"550","357",0,0,2.01261064198766,0,0,0,0.825804321439809,0
"551","583",0,0,0.670870213995887,0,2.59974951244804,0,0,0
"552","810",0,0,0.670870213995887,0,0,0.741774394278697,0,0
"553","816",0,0,2.01261064198766,0,0.64993737811201,2.22532318283609,0,3.74659673552725
"554","1485",0,0,0.670870213995887,0,1.94981213433603,2.22532318283609,0.825804321439809,0
"555","1569",0,0,0.670870213995887,0,0,0,0,0
"556","1847",0,0,0.670870213995887,0,0,0,0,0
"557","2160",0,0,0.670870213995887,0,0,0,0,0
"558","2747",0,0,2.68348085598355,0,1.29987475622402,0.741774394278697,1.65160864287962,52.4523542973816
"559","3402",0,0,4.02522128397532,0,0,0,8.25804321439809,0
"560","3452",0,0,0.670870213995887,0,0,0,0.825804321439809,0
"561","3841",0,0,3.35435106997943,0,0,0,1.65160864287962,0
"562","3904",0,0,1.34174042799177,0,0.64993737811201,0,0,0
"563","3929",0,0,0.670870213995887,0,0,0,0,0
"564","4030",0,0,0.670870213995887,0,0,0,2.47741296431943,0
"565","4306",0,0,2.01261064198766,0,0,0,0,0
"566","4395",0,0,0.670870213995887,0,0,0.741774394278697,0.825804321439809,0
"567","4546",0,0,1.34174042799177,0,0,0,0,0
"568","4554",0,0,0.670870213995887,0,0,0,0,0
"569","4998",0,0,0.670870213995887,0,0,0,0,0
"570","5024",0,0,0.670870213995887,0,0,0,0,3.74659673552725
"571","5543",0,0,0.670870213995887,0,0,0,0.825804321439809,0
"572","5583",0,0,0.670870213995887,0,0,0,0.825804321439809,0
"573","5748",0,0,0.670870213995887,0,0,0,0,0
"574","5782",0,0,1.34174042799177,0,0,0.741774394278697,0,0
"575","5820",0,0,1.34174042799177,4.91301832043905,1.94981213433603,1.48354878855739,1.65160864287962,0
"576","6288",0,0,1.34174042799177,0,0.64993737811201,0.741774394278697,0.825804321439809,3.74659673552725
"577","7112",0,0,0.670870213995887,0,1.29987475622402,0,0,0
"578","7601",0,0,0.670870213995887,0,1.29987475622402,0.741774394278697,0.825804321439809,7.49319347105451
"579","21610",0,0,0.670870213995887,0,0,0,0.825804321439809,0
"580","21819",0,0,0.670870213995887,0,0,0,0,0
"581","29882",0,0,0.670870213995887,0,0,0,0,0
"582","38595",0,0,2.68348085598355,1.63767277347968,1.29987475622402,0,0,0
"583","38835",0,0,0.670870213995887,0,0,0,0,0
"584","39174",0,0,0.670870213995887,0,0,0,0,0
"585","40566",0,0,0.670870213995887,0,0,0,0,0
"586","40931",0,0,2.01261064198766,0,0,0.741774394278697,0.825804321439809,0
"587","41485",0,0,0.670870213995887,0,0,0,0,0
"588","43086",0,0,0.670870213995887,0,0,0,0,3.74659673552725
"589","43167",0,0,0.670870213995887,0,0,0,0,0
"590","43680",0,0,0.670870213995887,0,0.64993737811201,0,1.65160864287962,0
"591","45787",0,0,9.39218299594241,0,0,2.22532318283609,2.47741296431943,0
"592","47614",0,0,0.670870213995887,0,0.64993737811201,8.15951833706567,0.825804321439809,0
"593","51654",0,0,0.670870213995887,0,0.64993737811201,0,2.47741296431943,0
"594","54445",0,0,0.670870213995887,0,0,41.539366079607,0,0
"595","55597",0,0,0.670870213995887,0,0,0,0,0
"596","55962",0,0,5.36696171196709,0,0,0,0,0
"597","64129",0,0,0.670870213995887,0,0,0,0,0
"598","66655",0,0,0.670870213995887,1.63767277347968,0.64993737811201,0,3.30321728575924,3.74659673552725
"599","67572",0,0,0.670870213995887,0,0,0,0,0
"600","70321",0,0,0.670870213995887,0,0,0,0,0
"601","72702",0,0,0.670870213995887,0,0,0,0,0
"602","76154",0,0,0.670870213995887,0,0,0,0,0
"603","76890",0,0,0.670870213995887,0,0,0,0,3.74659673552725
"604","78173",0,0,0.670870213995887,0,0,0.741774394278697,0,0
"605","82623",0,0,0.670870213995887,0,0,0,0,0
"606","82976",0,0,2.01261064198766,0,0,0,1.65160864287962,0
"607","93744",0,0,0.670870213995887,1.63767277347968,0,0,0,0
"608","108869",0,0,0.670870213995887,0,0,0,0,0
"609","114627",0,0,0.670870213995887,0,0,0,0,0
"610","115080",0,0,0.670870213995887,0,0.64993737811201,0,0,0
"611","127390",0,0,0.670870213995887,0,0,0,0,0
"612","143947",0,0,0.670870213995887,0,0.64993737811201,0,0,0
"613","143949",0,0,0.670870213995887,1.63767277347968,1.29987475622402,0.741774394278697,0,0
"614","158483",0,0,0.670870213995887,0,0.64993737811201,0,3.30321728575924,0
"615","167346",0,0,0.670870213995887,0,0,0,0,0
"616","169682",0,0,0.670870213995887,0,0,0,0,3.74659673552725
"617","169998",0,0,0.670870213995887,0,0,0,0,0
"618","178132",0,0,5.36696171196709,1.63767277347968,0,2.96709757711479,5.78063025007866,3.74659673552725
"619","178174",0,0,8.72131278194652,0,0,7.41774394278697,14.8644777859166,0
"620","242605",0,0,1.34174042799177,0,0,0,0.825804321439809,0
"621","290425",0,0,0.670870213995887,0,0,0,0,0
"622","306405",0,0,37.5687319837696,11.4637094143578,0,0,25.5999339646341,7.49319347105451
"623","311181",0,0,0.670870213995887,0,0,0,0,0
"624","345571",0,0,1.34174042799177,0,0,0,0,0
"625","387342",0,0,0.670870213995887,0,0,0,0,0
"626","400634",0,0,0.670870213995887,0,0,0.741774394278697,1.65160864287962,0
"627","405757",0,0,1.34174042799177,0,0,0,0,0
"628","445033",0,0,0.670870213995887,0,0,0,0,0
"629","501783",0,0,0.670870213995887,0,0,0,0,3.74659673552725
"630","572511",0,0,0.670870213995887,0,3.24968689056005,0,0,0
"631","604195",0,0,0.670870213995887,0,0,0,0,0
"632","662938",0,0,0.670870213995887,0,0,0,0,0
"633","1036719",0,0,0.670870213995887,0,0,0,0,0
"634","1164882",0,0,0.670870213995887,0,0,0,0,0
"635","1535326",0,0,0.670870213995887,0,0.64993737811201,3.70887197139349,0.825804321439809,7.49319347105451
"636","1623290",0,0,0.670870213995887,0,0,0,0.825804321439809,0
"637","1903434",0,0,2.01261064198766,0,0,0,0.825804321439809,0
"638","1911556",0,0,0.670870213995887,0,0,0,0,0
"639","2015172",0,0,0.670870213995887,0,0,0,0,0
"640","2282523",0,0,2.68348085598355,0,0,0,0,18.7329836776363
"641","16",0,0,0,1.63767277347968,0,0.741774394278697,0,0
"642","445",0,0,0,1.63767277347968,0,0.741774394278697,0,0
"643","1647",0,0,0,1.63767277347968,0,0.741774394278697,0,0
"644","2000",0,0,0,1.63767277347968,0,0,0,0
"645","2029",0,0,0,1.63767277347968,0,0,0,0
"646","2060",0,0,0,1.63767277347968,0,0,0,0
"647","4005",0,0,0,4.91301832043905,1.29987475622402,0.741774394278697,1.65160864287962,7.49319347105451
"648","4539",0,0,0,1.63767277347968,0.64993737811201,0,0.825804321439809,0
"649","4562",0,0,0,3.27534554695937,0,0,0,0
"650","4581",0,0,0,3.27534554695937,0,0,0,0
"651","4958",0,0,0,1.63767277347968,0,0.741774394278697,0,3.74659673552725
"652","5027",0,0,0,1.63767277347968,0,0,0,0
"653","5112",0,0,0,1.63767277347968,0,0,0,0
"654","5179",0,0,0,1.63767277347968,0,0,0,0
"655","5721",0,0,0,1.63767277347968,0.64993737811201,0.741774394278697,0,0
"656","6247",0,0,0,1.63767277347968,1.94981213433603,0.741774394278697,0,3.74659673552725
"657","6643",0,0,0,1.63767277347968,0,0,0,0
"658","7145",0,0,0,1.63767277347968,0.64993737811201,0,1.65160864287962,3.74659673552725
"659","7158",0,0,0,1.63767277347968,0,0,0,0
"660","7664",0,0,0,1.63767277347968,0,0,1.65160864287962,0
"661","12234",0,0,0,1.63767277347968,0,0,0,0
"662","12914",0,0,0,1.63767277347968,0,0,0,0
"663","13747",0,0,0,1.63767277347968,1.29987475622402,0,0,0
"664","15492",0,0,0,4.91301832043905,0,0,0,0
"665","16751",0,0,0,1.63767277347968,0,0,0,0
"666","30079",0,0,0,1.63767277347968,0,0,0,0
"667","34717",0,0,0,1.63767277347968,0,0,0,0
"668","35569",0,0,0,1.63767277347968,0,0,0,0
"669","41874",0,0,0,3.27534554695937,0,0,0,0
"670","42078",0,0,0,3.27534554695937,0,0,0,0
"671","44013",0,0,0,6.55069109391873,0,0,0.825804321439809,18.7329836776363
"672","50428",0,0,0,1.63767277347968,0,0,0.825804321439809,0
"673","55528",0,0,0,1.63767277347968,0,0,0,3.74659673552725
"674","57115",0,0,0,1.63767277347968,0,0.741774394278697,0.825804321439809,0
"675","65412",0,0,0,1.63767277347968,0,0,0,0
"676","66017",0,0,0,3.27534554695937,1.29987475622402,1.48354878855739,0,11.2397902065818
"677","67575",0,0,0,1.63767277347968,2.59974951244804,0,0,0
"678","69465",0,0,0,1.63767277347968,0,0,0.825804321439809,0
"679","70447",0,0,0,1.63767277347968,0.64993737811201,0,0,0
"680","72195",0,0,0,1.63767277347968,0,0,0,0
"681","73722",0,0,0,6.55069109391873,0,16.3190366741313,0.825804321439809,0
"682","76872",0,0,0,1.63767277347968,0,0,0,0
"683","83716",0,0,0,3.27534554695937,0,0,0,0
"684","87005",0,0,0,6.55069109391873,0,0,0,7.49319347105451
"685","92914",0,0,0,1.63767277347968,0,0,0,3.74659673552725
"686","110367",0,0,0,3.27534554695937,0.64993737811201,0,0,0
"687","124287",0,0,0,1.63767277347968,0,0,0.825804321439809,0
"688","133746",0,0,0,1.63767277347968,0,0,0,0
"689","163898",0,0,0,1.63767277347968,0,0,0,0
"690","265976",0,0,0,1.63767277347968,0,0,0,0
"691","293088",0,0,0,1.63767277347968,0,0,0,0
"692","320344",0,0,0,4.91301832043905,0,0,2.47741296431943,0
"693","599737",0,0,0,3.27534554695937,0,0,0,0
"694","766765",0,0,0,1.63767277347968,0,0,0,0
"695","1129544",0,0,0,1.63767277347968,0,0,0.825804321439809,0
"696","1168313",0,0,0,1.63767277347968,0,0,0.825804321439809,0
"697","1720308",0,0,0,1.63767277347968,0,0,0,3.74659673552725
"698","1841479",0,0,0,1.63767277347968,0,0,0,0
"699","1981958",0,0,0,1.63767277347968,0,0,0,0
"700","2169580",0,0,0,1.63767277347968,0,0,0,0
"701","6",0,0,0,0,1.29987475622402,0,0,0
"702","209",0,0,0,0,1.29987475622402,1.48354878855739,0,0
"703","226",0,0,0,0,0.64993737811201,0,0,0
"704","535",0,0,0,0,0.64993737811201,0,0,0
"705","1177",0,0,0,0,0.64993737811201,0,0,3.74659673552725
"706","2071",0,0,0,0,0.64993737811201,0,0,0
"707","2093",0,0,0,0,0.64993737811201,2.22532318283609,0,0
"708","2299",0,0,0,0,0.64993737811201,0,0,0
"709","3671",0,0,0,0,0.64993737811201,0,0,0
"710","4557",0,0,0,0,0.64993737811201,0,0,0
"711","5021",0,0,0,0,0.64993737811201,0,0.825804321439809,0
"712","5333",0,0,0,0,0.64993737811201,0,0,0
"713","5581",0,0,0,0,3.24968689056005,0,0,0
"714","5600",0,0,0,0,0.64993737811201,0,0,0
"715","5683",0,0,0,0,0.64993737811201,0,0,0
"716","5690",0,0,0,0,0.64993737811201,0,0,0
"717","6237",0,0,0,0,1.29987475622402,0.741774394278697,4.12902160719904,0
"718","13036",0,0,0,0,0.64993737811201,2.22532318283609,0,0
"719","13282",0,0,0,0,0.64993737811201,0,0,0
"720","13442",0,0,0,0,0.64993737811201,0.741774394278697,0,0
"721","21199",0,0,0,0,1.29987475622402,0,0.825804321439809,0
"722","23221",0,0,0,0,0.64993737811201,0,0,0
"723","25168",0,0,0,0,0.64993737811201,0,0,0
"724","27977",0,0,0,0,0.64993737811201,0,0,0
"725","28228",0,0,0,0,0.64993737811201,0.741774394278697,0,0
"726","28231",0,0,0,0,0.64993737811201,0,0,0
"727","29002",0,0,0,0,0.64993737811201,0,0.825804321439809,0
"728","32100",0,0,0,0,0.64993737811201,0,0,0
"729","36776",0,0,0,0,0.64993737811201,0,0,0
"730","38832",0,0,0,0,0.64993737811201,0,4.12902160719904,3.74659673552725
"731","40222",0,0,0,0,0.64993737811201,0,0,0
"732","40685",0,0,0,0,0.64993737811201,0,0,0
"733","42336",0,0,0,0,0.64993737811201,0,0,0
"734","47420",0,0,0,0,0.64993737811201,0,0.825804321439809,0
"735","48861",0,0,0,0,0.64993737811201,0,0,0
"736","52507",0,0,0,0,0.64993737811201,0,0,0
"737","54298",0,0,0,0,0.64993737811201,0,0,0
"738","54873",0,0,0,0,0.64993737811201,0,0,0
"739","55080",0,0,0,0,0.64993737811201,0,0,0
"740","55087",0,0,0,0,0.64993737811201,0,0,0
"741","57077",0,0,0,0,1.29987475622402,0.741774394278697,0,0
"742","59171",0,0,0,0,0.64993737811201,0,0,0
"743","60057",0,0,0,0,0.64993737811201,0,0,0
"744","60919",0,0,0,0,1.94981213433603,0,0,0
"745","64390",0,0,0,0,1.29987475622402,0,0,0
"746","64685",0,0,0,0,0.64993737811201,0,0,0
"747","66735",0,0,0,0,0.64993737811201,0,0,0
"748","72018",0,0,0,0,0.64993737811201,0,0,0
"749","73029",0,0,0,0,0.64993737811201,0,0,0
"750","74030",0,0,0,0,0.64993737811201,0,0.825804321439809,0
"751","76831",0,0,0,0,1.29987475622402,0,0,0
"752","79843",0,0,0,0,0.64993737811201,0,0,0
"753","81628",0,0,0,0,0.64993737811201,0,0,0
"754","82980",0,0,0,0,0.64993737811201,0,0,0
"755","82982",0,0,0,0,1.29987475622402,0,0,0
"756","84386",0,0,0,0,0.64993737811201,0,0,0
"757","84567",0,0,0,0,1.94981213433603,0.741774394278697,0,0
"758","85413",0,0,0,0,0.64993737811201,0,0,0
"759","86017",0,0,0,0,0.64993737811201,0,0,0
"760","99063",0,0,0,0,0.64993737811201,3.70887197139349,0,0
"761","102106",0,0,0,0,1.94981213433603,0,0,0
"762","105887",0,0,0,0,0.64993737811201,0,0,0
"763","108930",0,0,0,0,2.59974951244804,0,2.47741296431943,0
"764","109362",0,0,0,0,0.64993737811201,0.741774394278697,0,0
"765","144030",0,0,0,0,0.64993737811201,0,9.90965185727771,7.49319347105451
"766","157304",0,0,0,0,0.64993737811201,0,0,0
"767","158846",0,0,0,0,5.84943640300809,0,0,0
"768","167639",0,0,0,0,0.64993737811201,0,0,0
"769","179147",0,0,0,0,0.64993737811201,0,0,0
"770","192874",0,0,0,0,0.64993737811201,0,0,0
"771","195164",0,0,0,0,1.29987475622402,0,0,0
"772","199487",0,0,0,0,1.29987475622402,0,0,0
"773","202746",0,0,0,0,0.64993737811201,0,0,0
"774","204037",0,0,0,0,1.29987475622402,0,0.825804321439809,0
"775","204447",0,0,0,0,0.64993737811201,0,0,0
"776","232244",0,0,0,0,0.64993737811201,0,0,0
"777","239759",0,0,0,0,0.64993737811201,0,0,0
"778","302485",0,0,0,0,0.64993737811201,0,0,0
"779","323620",0,0,0,0,0.64993737811201,0,0,0
"780","363408",0,0,0,0,0.64993737811201,0,0,0
"781","376170",0,0,0,0,0.64993737811201,0,0,0
"782","423349",0,0,0,0,0.64993737811201,0.741774394278697,0,0
"783","454922",0,0,0,0,0.64993737811201,0.741774394278697,0.825804321439809,0
"784","456492",0,0,0,0,0.64993737811201,0,0,0
"785","545366",0,0,0,0,0.64993737811201,0,0,0
"786","596707",0,0,0,0,0.64993737811201,0,0,0
"787","648802",0,0,0,0,0.64993737811201,0,0,0
"788","742914",0,0,0,0,0.64993737811201,0,0,0
"789","1100891",0,0,0,0,0.64993737811201,0,0,0
"790","1184396",0,0,0,0,0.64993737811201,0,0,0
"791","1291274",0,0,0,0,0.64993737811201,0,0,0
"792","1330546",0,0,0,0,4.54956164678407,3.70887197139349,4.95482592863885,0
"793","1335483",0,0,0,0,0.64993737811201,0,0,0
"794","1470540",0,0,0,0,0.64993737811201,0,0,0
"795","1511635",0,0,0,0,0.64993737811201,0,0,0
"796","1649279",0,0,0,0,0.64993737811201,0,0,0
"797","1706036",0,0,0,0,0.64993737811201,0,0,0
"798","1848399",0,0,0,0,0.64993737811201,0,0,0
"799","1866885",0,0,0,0,0.64993737811201,1.48354878855739,0,0
"800","1920453",0,0,0,0,0.64993737811201,0.741774394278697,0,0
"801","1940138",0,0,0,0,0.64993737811201,0,0,0
"802","1980513",0,0,0,0,0.64993737811201,0,0,0
"803","2039240",0,0,0,0,0.64993737811201,0,0,0
"804","2057233",0,0,0,0,2.59974951244804,0,0,0
"805","2304693",0,0,0,0,0.64993737811201,0,0,0
"806","2560123",0,0,0,0,2.59974951244804,0,0,0
"807","2560201",0,0,0,0,1.29987475622402,0,0,0
"808","2661800",0,0,0,0,0.64993737811201,0,0,0
"809","2690160",0,0,0,0,0.64993737811201,0,0,0
"810","171",0,0,0,0,0,0.741774394278697,0,0
"811","404",0,0,0,0,0,0.741774394278697,0,0
"812","713",0,0,0,0,0,0.741774394278697,0,0
"813","836",0,0,0,0,0,1.48354878855739,0.825804321439809,0
"814","904",0,0,0,0,0,0.741774394278697,0,0
"815","958",0,0,0,0,0,0.741774394278697,0,0
"816","1637",0,0,0,0,0,0.741774394278697,0,3.74659673552725
"817","2172",0,0,0,0,0,0.741774394278697,0,0
"818","2375",0,0,0,0,0,0.741774394278697,0,0
"819","2742",0,0,0,0,0,0.741774394278697,0,0
"820","3561",0,0,0,0,0,1.48354878855739,0,0
"821","3564",0,0,0,0,0,0.741774394278697,0,0
"822","3609",0,0,0,0,0,0.741774394278697,0,0
"823","3820",0,0,0,0,0,1.48354878855739,0,0
"824","4173",0,0,0,0,0,0.741774394278697,0,0
"825","4496",0,0,0,0,0,0.741774394278697,0,0
"826","4729",0,0,0,0,0,0.741774394278697,0,0
"827","4783",0,0,0,0,0,0.741774394278697,0,0
"828","4948",0,0,0,0,0,0.741774394278697,0,0
"829","5144",0,0,0,0,0,0.741774394278697,0,0
"830","5550",0,0,0,0,0,0.741774394278697,0,0
"831","5758",0,0,0,0,0,1.48354878855739,0,0
"832","6333",0,0,0,0,0,0.741774394278697,0,0
"833","6525",0,0,0,0,0,0.741774394278697,0,3.74659673552725
"834","6831",0,0,0,0,0,0.741774394278697,0,0
"835","14026",0,0,0,0,0,1.48354878855739,1.65160864287962,0
"836","22868",0,0,0,0,0,4.45064636567218,0,0
"837","26021",0,0,0,0,0,0.741774394278697,0,0
"838","28105",0,0,0,0,0,0.741774394278697,0.825804321439809,0
"839","37564",0,0,0,0,0,1.48354878855739,0,0
"840","37847",0,0,0,0,0,0.741774394278697,0,0
"841","41549",0,0,0,0,0,0.741774394278697,0,0
"842","43205",0,0,0,0,0,17.8025854626887,0,0
"843","43708",0,0,0,0,0,0.741774394278697,0,0
"844","43987",0,0,0,0,0,0.741774394278697,1.65160864287962,0
"845","44259",0,0,0,0,0,0.741774394278697,0,0
"846","45183",0,0,0,0,0,0.741774394278697,0,0
"847","46730",0,0,0,0,0,0.741774394278697,0,0
"848","46769",0,0,0,0,0,0.741774394278697,0,0
"849","48558",0,0,0,0,0,1.48354878855739,0,0
"850","50190",0,0,0,0,0,3.70887197139349,0,0
"851","50385",0,0,0,0,0,0.741774394278697,0,3.74659673552725
"852","56621",0,0,0,0,0,0.741774394278697,0,0
"853","62838",0,0,0,0,0,0.741774394278697,0,0
"854","64497",0,0,0,0,0,0.741774394278697,0,0
"855","64580",0,0,0,0,0,0.741774394278697,0,0
"856","71323",0,0,0,0,0,0.741774394278697,0,0
"857","73738",0,0,0,0,0,0.741774394278697,0,0
"858","74907",0,0,0,0,0,0.741774394278697,0,0
"859","75424",0,0,0,0,0,0.741774394278697,0,0
"860","76312",0,0,0,0,0,0.741774394278697,0,0
"861","76451",0,0,0,0,0,0.741774394278697,0,0
"862","77156",0,0,0,0,0,0.741774394278697,0,0
"863","82385",0,0,0,0,0,0.741774394278697,0,0
"864","83681",0,0,0,0,0,0.741774394278697,0,0
"865","83907",0,0,0,0,0,0.741774394278697,0,0
"866","84111",0,0,0,0,0,0.741774394278697,0,0
"867","92912",0,0,0,0,0,2.96709757711479,0,0
"868","116152",0,0,0,0,0,0.741774394278697,0,0
"869","124942",0,0,0,0,0,4.45064636567218,0,0
"870","133925",0,0,0,0,0,0.741774394278697,0,0
"871","150173",0,0,0,0,0,0.741774394278697,0,0
"872","202907",0,0,0,0,0,0.741774394278697,0,0
"873","244709",0,0,0,0,0,0.741774394278697,0,0
"874","278028",0,0,0,0,0,0.741774394278697,0,0
"875","335156",0,0,0,0,0,0.741774394278697,0,0
"876","375288",0,0,0,0,0,0.741774394278697,0,0
"877","407217",0,0,0,0,0,0.741774394278697,0,0
"878","462253",0,0,0,0,0,0.741774394278697,0,0
"879","507545",0,0,0,0,0,0.741774394278697,0,0
"880","710235",0,0,0,0,0,0.741774394278697,0,0
"881","909928",0,0,0,0,0,1.48354878855739,0,0
"882","1055323",0,0,0,0,0,0.741774394278697,0,0
"883","1329200",0,0,0,0,0,0.741774394278697,0,0
"884","1351751",0,0,0,0,0,0.741774394278697,1.65160864287962,0
"885","1394723",0,0,0,0,0,3.70887197139349,0.825804321439809,0
"886","1565532",0,0,0,0,0,0.741774394278697,0,0
"887","1679002",0,0,0,0,0,0.741774394278697,0,0
"888","1911577",0,0,0,0,0,0.741774394278697,0,0
"889","1912217",0,0,0,0,0,0.741774394278697,0,0
"890","2049301",0,0,0,0,0,0.741774394278697,0,0
"891","2058187",0,0,0,0,0,0.741774394278697,0,0
"892","2058189",0,0,0,0,0,0.741774394278697,0,0
"893","2060084",0,0,0,0,0,0.741774394278697,0,0
"894","2060094",0,0,0,0,0,0.741774394278697,0,0
"895","2302914",0,0,0,0,0,0.741774394278697,0,0
"896","123",0,0,0,0,0,0,0.825804321439809,0
"897","499",0,0,0,0,0,0,0.825804321439809,0
"898","2063",0,0,0,0,0,0,0.825804321439809,0
"899","3052",0,0,0,0,0,0,0.825804321439809,3.74659673552725
"900","3217",0,0,0,0,0,0,0.825804321439809,0
"901","3606",0,0,0,0,0,0,1.65160864287962,0
"902","4753",0,0,0,0,0,0,0.825804321439809,0
"903","4951",0,0,0,0,0,0,0.825804321439809,0
"904","5094",0,0,0,0,0,0,1.65160864287962,0
"905","5206",0,0,0,0,0,0,1.65160864287962,0
"906","6104",0,0,0,0,0,0,0.825804321439809,0
"907","6668",0,0,0,0,0,0,0.825804321439809,0
"908","7514",0,0,0,0,0,0,3.30321728575924,0
"909","10483",0,0,0,0,0,0,0.825804321439809,0
"910","12967",0,0,0,0,0,0,0.825804321439809,0
"911","13134",0,0,0,0,0,0,1.65160864287962,0
"912","27320",0,0,0,0,0,0,0.825804321439809,0
"913","29056",0,0,0,0,0,0,0.825804321439809,0
"914","32257",0,0,0,0,0,0,0.825804321439809,0
"915","40443",0,0,0,0,0,0,0.825804321439809,0
"916","43070",0,0,0,0,0,0,1.65160864287962,0
"917","43947",0,0,0,0,0,0,0.825804321439809,0
"918","45682",0,0,0,0,0,0,0.825804321439809,0
"919","47251",0,0,0,0,0,0,0.825804321439809,0
"920","51426",0,0,0,0,0,0,0.825804321439809,0
"921","55392",0,0,0,0,0,0,0.825804321439809,0
"922","63088",0,0,0,0,0,0,0.825804321439809,0
"923","63265",0,0,0,0,0,0,1.65160864287962,7.49319347105451
"924","70411",0,0,0,0,0,0,1.65160864287962,0
"925","78156",0,0,0,0,0,0,0.825804321439809,0
"926","82113",0,0,0,0,0,0,0.825804321439809,0
"927","90243",0,0,0,0,0,0,0.825804321439809,0
"928","109364",0,0,0,0,0,0,1.65160864287962,0
"929","110456",0,0,0,0,0,0,0.825804321439809,0
"930","110932",0,0,0,0,0,0,0.825804321439809,0
"931","119948",0,0,0,0,0,0,1.65160864287962,0
"932","123986",0,0,0,0,0,0,0.825804321439809,0
"933","140747",0,0,0,0,0,0,0.825804321439809,0
"934","169979",0,0,0,0,0,0,0.825804321439809,0
"935","178513",0,0,0,0,0,0,0.825804321439809,0
"936","198790",0,0,0,0,0,0,0.825804321439809,0
"937","227528",0,0,0,0,0,0,0.825804321439809,0
"938","231454",0,0,0,0,0,0,0.825804321439809,0
"939","300110",0,0,0,0,0,0,1.65160864287962,0
"940","320805",0,0,0,0,0,0,0.825804321439809,0
"941","669357",0,0,0,0,0,0,0.825804321439809,0
"942","741759",0,0,0,0,0,0,0.825804321439809,0
"943","1004301",0,0,0,0,0,0,2.47741296431943,0
"944","1155738",0,0,0,0,0,0,0.825804321439809,0
"945","1529434",0,0,0,0,0,0,0.825804321439809,0
"946","1838142",0,0,0,0,0,0,0.825804321439809,0
"947","1961799",0,0,0,0,0,0,0.825804321439809,0
"948","2501368",0,0,0,0,0,0,0.825804321439809,0
"949","541",0,0,0,0,0,0,0,14.986386942109
"950","1129",0,0,0,0,0,0,0,3.74659673552725
"951","1205",0,0,0,0,0,0,0,3.74659673552725
"952","1573",0,0,0,0,0,0,0,3.74659673552725
"953","1707",0,0,0,0,0,0,0,3.74659673552725
"954","3319",0,0,0,0,0,0,0,3.74659673552725
"955","5092",0,0,0,0,0,0,0,3.74659673552725
"956","13468",0,0,0,0,0,0,0,3.74659673552725
"957","15747",0,0,0,0,0,0,0,3.74659673552725
"958","28644",0,0,0,0,0,0,0,3.74659673552725
"959","91493",0,0,0,0,0,0,0,3.74659673552725
"960","93681",0,0,0,0,0,0,0,7.49319347105451
"961","132246",0,0,0,0,0,0,0,3.74659673552725
"962","162027",0,0,0,0,0,0,0,3.74659673552725
"963","186532",0,0,0,0,0,0,0,22.4795804131635
"964","268175",0,0,0,0,0,0,0,3.74659673552725
"965","292898",0,0,0,0,0,0,0,3.74659673552725
"966","1085622",0,0,0,0,0,0,0,3.74659673552725
"967","1324129",0,0,0,0,0,0,0,3.74659673552725
"968","1623303",0,0,0,0,0,0,0,3.74659673552725
"969","1649470",0,0,0,0,0,0,0,3.74659673552725
"970","1915401",0,0,0,0,0,0,0,3.74659673552725
"971","1920774",0,0,0,0,0,0,0,3.74659673552725
"972","2685927",0,0,0,0,0,0,0,3.74659673552725
