"","padj"
"1",0.984133476463858
"2",0.833258864960198
"3",0.628083475110616
"4",0.628083475110616
"5",0.936753968446717
"6",0.628083475110616
"7",0.833258864960198
"8",0.833258864960198
"9",0.628083475110616
"10",0.833258864960198
"11",0.845245975954884
"12",0.845245975954884
"13",0.628083475110616
"14",0.833258864960198
"15",0.833258864960198
"16",0.833258864960198
"17",0.494883847260585
"18",0.469260585169306
"19",0.628083475110616
"20",0.998829144286761
"21",0.984133476463858
"22",0.833258864960198
"23",0.936753968446717
"24",0.845245975954884
"25",0.659934953474856
"26",0.798867184879778
"27",0.628083475110616
"28",0.936753968446717
"29",0.628083475110616
"30",0.845245975954884
"31",0.936753968446717
"32",0.833258864960198
"33",0.833258864960198
"34",0.853139378332127
"35",0.833258864960198
"36",0.845245975954884
"37",0.845245975954884
"38",0.936753968446717
"39",0.845245975954884
"40",0.833258864960198
"41",0.730660820466346
"42",0.936753968446717
"43",0.833258864960198
"44",0.998829144286761
"45",0.850404237258781
"46",0.936753968446717
"47",0.984133476463858
"48",0.990416423857813
"49",0.833258864960198
"50",0.833258864960198
"51",0.845245975954884
"52",0.833258864960198
"53",0.998829144286761
"54",0.833258864960198
"55",0.628083475110616
"56",0.628083475110616
"57",0.628083475110616
"58",0.936753968446717
"59",0.936753968446717
